year,month,suburbs,plastic_pieces,plastic_weight_kg,metal_pieces,metal_weight_kg,glass_pieces,glass_weight_kg
2024,5,Dej,292015,11237.374,136926,1997.566,118167,25964.858
2024,5,Cluj-Napoca,3384663,122648.747,1639231,23472.469,1225323,300007.379
2024,5,Florești,469735,17239.932,239611,3433.789,235291,54371.113
2024,5,Gilău,36815,1416.147,17903,259.831,17772,3813.161
2024,5,Turda,503481,17739.223,236142,3294.526,188989,41135.516
2024,5,Gherla,243050,9097.79,133263,1933.46,96630,20990.06
2024,5,Câmpia Turzii,276613,9515.64,117243,1622.61,84615,18376.988
2024,5,Huedin,199745,6312.48,90883,1252.56,71688,14718.815
2024,5,Apahida,219616,7838.766,114700,1639.536,79432,16876.479
2024,5,Baciu,23272,933.849,12861,188.35,8817,2321.741
2024,5,Cluj-Napoca,3776,118.912,2306,30.929,6063,1829.247
2024,5,Codor,443,14.57,69,0.775,1521,277.834
2024,5,Căşeiu,5174,182.943,2618,38.457,2853,580.071
2024,5,Jucu de Sus,2406,75.397,1220,17.512,422,85.478
2024,5,Mociu,7013,243.796,3488,50.83,1467,273.627
2024,5,Bonțida,3913,144.399,1232,16.296,2079,427.279
2024,5,Feleacu,6446,267.35,207,2.987,427,149.473
2024,5,Iara,21499,699.565,7577,112.297,7583,1516.864
2024,5,Moldoveneşti,4662,149.021,2808,35.146,1005,210.026
2024,5,Aiton,505,21.084,38,0.372,874,287.803
2024,5,Ciucea,5973,155.63,504,7.76,3823,868.689
2024,5,Valea Ierii,1133,28.039,246,3.741,428,81.609
2024,5,Ceanu Mare,1213,36.811,132,1.472,193,44.027
2024,5,Răscruci,6183,214.323,3063,43.925,1608,302.31
2024,5,Chinteni,6476,260.122,3915,57.75,2419,488.374
2024,5,Frata,9515,277.8,2666,38.845,2035,432.741
2024,5,Mihai Viteazu,6993,253.563,3988,59.618,2036,406.14
2024,5,Suatu,944,31.959,93,1.001,567,100.815
2024,5,Dezmir,1326,51.202,2272,34.346,969,187.04
2024,5,Panticeu,7548,275.516,3112,44.72,1363,280.965
2024,5,Iclod,3405,110.695,2129,31.535,95,20.01
2024,5,Rădaia,2026,194.135,23,0.235,2458,599.65
2024,5,Negreni,660,15.986,50,0.543,1754,324.692
2024,5,Călăţele,647,18.167,417,5.92,407,78.235
2024,5,Miceşti,244,9.639,1,0.011,156,37.35
2024,5,Ploscoş,6513,176.097,2178,30.211,1548,336.48
2024,5,Poieni,1227,30.129,542,7.462,259,58.009
2024,5,Someşu Rece,1178,46.299,640,9.194,690,141.836
2024,5,Luna,2783,89.108,985,13.86,1126,235.547
2024,5,Gădălin,419,17.292,409,5.431,612,139.049
2024,5,Bucea,1212,116.869,391,5.219,505,98.231
2024,5,Ciurila,982,21.687,0,0,876,283.321
2024,5,Bunești,180,4.315,19,0.177,1608,540.636
2024,5,Mărişel,443,19.722,45,0.496,239,57.037
2024,5,Copăceni,0,0,0,0,623,139.505
2024,5,Țaga,820,36.208,431,5.922,232,48.003
2024,5,Mica,2102,106.446,1122,16.74,410,86.817
2024,5,Moldovenești,1303,40.539,622,9.131,328,63.473
2024,5,Aghireșu,3079,111.533,1936,29.101,24,4.41
2024,5,Valea Drăganului,2786,66.169,1149,16.956,0,0
2024,5,Lunca Vişagului,691,43.208,0,0,0,0
2024,5,Geaca,5606,186.054,3112,46.633,21,4.176
2024,5,Cheia,567,12.456,45,0.491,0,0
2024,5,Hodişu,1124,43.906,106,1.155,226,51.65
2024,5,Cășeiu,237,6.49,16,0.181,0,0
2024,5,Tritenii de Jos,890,33.634,594,7.633,162,34.243
2024,5,Jucu,679,26.366,1,0.013,0,0
2024,6,Aghireșu,3095,103,1917,27,863,208
2024,6,Aiton,4492,149,774,11,5473,1319
2024,6,Apahida,302112,10008,150997,2136,109854,26481
2024,6,Baciu,41720,1382,24604,348,20381,4913
2024,6,Băișoara,900,30,23,0,170,41
2024,6,Bonțida,16297,540,7203,102,7240,1745
2024,6,Călățele,876,29,231,3,392,94
2024,6,Câmpia Turzii,366965,12156,170868,2417,120940,29154
2024,6,Căpușu Mare,1756,58,654,9,7,2
2024,6,Cășeiu,7550,250,4306,61,3490,841
2024,6,Ceanu Mare,1298,43,122,2,477,115
2024,6,Chinteni,7059,234,4752,67,3194,770
2024,6,Ciucea,9923,329,3975,56,12800,3086
2024,6,Ciurila,1110,37,185,3,922,222
2024,6,Cluj-Napoca,4355425,144278,2167659,30660,1688802,407104
2024,6,Cojocna,7247,240,3415,48,5880,1417
2024,6,Dej,370420,12271,178381,2523,168274,40564
2024,6,Feleacu,19402,643,6401,91,13645,3289
2024,6,Fizeșu Gherlii,924,31,247,3,348,84
2024,6,Florești,636159,21073,331463,4688,289181,69710
2024,6,Frata,9396,311,3382,48,2511,605
2024,6,Gârbău,508,17,470,7,575,139
2024,6,Geaca,3953,131,2433,34,1561,376
2024,6,Gherla,302647,10025,168491,2383,126411,30473
2024,6,Gilău,35144,1164,17041,241,18531,4467
2024,6,Huedin,263581,8731,126145,1784,94622,22810
2024,6,Iara,31511,1044,12038,170,16917,4078
2024,6,Iclod,7209,239,2852,40,971,234
2024,6,Jichișu de Jos,287,10,242,3,1191,287
2024,6,Jucu,5919,196,1964,28,958,231
2024,6,Luna,4360,144,2178,31,1921,463
2024,6,Măguri-Răcătău,243,8,161,2,166,40
2024,6,Mica,4237,140,1950,28,2806,676
2024,6,Mihai Viteazu,20737,687,10536,149,10959,2642
2024,6,Mintiu Gherlii,820,27,226,3,2327,561
2024,6,Mociu,9137,303,5039,71,3961,955
2024,6,Moldovenești,6525,216,3330,47,2177,525
2024,6,Negreni,4474,148,1682,24,3485,840
2024,6,Panticeu,9429,312,4182,59,5257,1267
2024,6,Petreștii de Jos,117,4,77,1,419,101
2024,6,Ploscoș,7715,256,3615,51,2308,556
2024,6,Poieni,5103,169,1489,21,1585,382
2024,6,Sânpaul,402,13,210,3,0,0
2024,6,Suatu,629,21,388,5,2684,647
2024,6,Țaga,933,31,640,9,4,1
2024,6,Tritenii de Jos,363,12,512,7,132,32
2024,6,Turda,713174,23625,360421,5098,273912,66029
2024,6,Tureni,2682,89,827,12,2106,508
2024,6,Valea Ierii,687,23,234,3,825,199
2024,7,Aghireșu,5324,177,3089,44,1814,435
2024,7,Aiton,1013,34,119,2,5296,1269
2024,7,Apahida,406083,13474,218392,3085,156076,37401
2024,7,Baciu,57924,1922,31997,452,28749,6889
2024,7,Baciu,1714,57,1281,18,160,38
2024,7,Băișoara,2171,72,66,1,536,128
2024,7,Beliș,891,30,127,2,1025,246
2024,7,Bonțida,90191,2993,46239,653,15200,3642
2024,7,Căianu,2439,81,1506,21,2351,563
2024,7,Călățele,577,19,175,2,116,28
2024,7,Câmpia Turzii,472473,15677,226692,3202,150924,36167
2024,7,Cășeiu,19624,651,9154,129,8413,2016
2024,7,Ceanu Mare,3043,101,1188,17,1182,283
2024,7,Chinteni,9932,330,6496,92,12524,3001
2024,7,Chiuiești,552,18,307,4,797,191
2024,7,Ciucea,8877,295,2471,35,7378,1768
2024,7,Ciurila,523,17,5,0,810,194
2024,7,Cluj-Napoca,5529822,183483,2793331,39460,2295300,550034
2024,7,Cojocna,8489,282,4590,65,7783,1865
2024,7,Dej,523211,17360,257875,3643,245972,58943
2024,7,Feleacu,27901,926,4294,61,25120,6020
2024,7,Fizeșu Gherlii,7860,261,3619,51,4370,1047
2024,7,Florești,740527,24571,402191,5682,315210,75535
2024,7,Frata,13779,457,9212,130,8639,2070
2024,7,Gârbău,2420,80,1263,18,842,202
2024,7,Geaca,11873,394,5305,75,2414,578
2024,7,Gherla,375902,12473,214688,3033,163021,39066
2024,7,Gilău,40792,1354,22455,317,25961,6221
2024,7,Huedin,361502,11995,189649,2679,138154,33107
2024,7,Iara,35852,1190,15112,213,23526,5638
2024,7,Iclod,7508,249,5098,72,1787,428
2024,7,Jichișu de Jos,344,11,430,6,2846,682
2024,7,Jucu,8375,278,4963,70,3618,867
2024,7,Luna,9375,311,5942,84,7288,1746
2024,7,Măguri-Răcătău,834,28,1121,16,444,106
2024,7,Mărișel,406,13,28,0,642,154
2024,7,Mica,8276,275,4417,62,2937,704
2024,7,Mihai Viteazu,48555,1611,27257,385,25688,6156
2024,7,MINTIU GHERLII,15945,529,7669,108,17395,4168
2024,7,Mociu,24269,805,16945,239,10886,2609
2024,7,Moldovenești,5758,191,3755,53,2950,707
2024,7,Negreni,6642,220,2422,34,5499,1318
2024,7,Panticeu,11167,371,5717,81,6813,1633
2024,7,Petreștii de Jos,1306,43,704,10,1608,385
2024,7,Ploscoş,5630,187,2001,28,2133,511
2024,7,Poieni,5623,187,1930,27,1770,424
2024,7,Săndulești,399,13,287,4,804,193
2024,7,Sânpaul,1019,34,786,11,1458,349
2024,7,Săvădisla,574,19,15,0,328,79
2024,7,Suatu,1141,38,119,2,856,205
2024,7,Țaga,4423,147,3782,53,2349,563
2024,7,Tritenii de Jos,1640,54,657,9,245,59
2024,7,Turda,927408,30772,484153,6839,355681,85234
2024,7,Tureni,405,13,5,0,733,176
2024,7,Valea Ierii,1048,35,173,2,707,169
2024,8,Aghireșu,3922,131,1595,22,1091,281
2024,8,Aiton,641,21,132,2,1710,440
2024,8,Apahida,413445,13812,231272,3242,163403,42087
2024,8,Baciu,65074,2174,38276,537,27993,7210
2024,8,Bonțida,41175,1376,20607,289,18364,4730
2024,8,Buza,983,33,0,0,0,0
2024,8,Călățele,1822,61,1865,26,463,119
2024,8,Câmpia Turzii,496147,16575,249967,3504,155481,40047
2024,8,Căpușu Mare,0,0,0,0,5481,1412
2024,8,Cășeiu,27499,919,15599,219,14628,3768
2024,8,Ceanu Mare,1159,39,246,3,477,123
2024,8,Chiajna,7055,236,3862,54,2868,739
2024,8,Chinteni,16385,547,8843,124,9340,2406
2024,8,Chiuiești,1173,39,382,5,1365,352
2024,8,Ciucea,16885,564,3610,51,7005,1804
2024,8,Cluj-Napoca,5758576,192379,2937230,41179,2267780,584102
2024,8,Cojocna,17768,594,12986,182,9240,2380
2024,8,Cuzdrioara,689,23,565,8,155,40
2024,8,Dej,609219,20352,312709,4384,256590,66089
2024,8,Feleacu,15059,503,3810,53,23886,6152
2024,8,Fizeșu Gherlii,13109,438,8572,120,5471,1409
2024,8,Florești,847844,28324,447816,6278,378394,97461
2024,8,Frata,21781,728,8917,125,5719,1473
2024,8,Gârbău,2670,89,2232,31,927,239
2024,8,Geaca,15933,532,7780,109,5004,1289
2024,8,Gherla,433419,14479,245773,3446,169019,43533
2024,8,Gilău,43268,1445,25219,354,17373,4475
2024,8,Huedin,381747,12753,205426,2880,148324,38203
2024,8,Iara,73553,2457,31010,435,35952,9260
2024,8,Iclod,14225,475,8746,123,6187,1594
2024,8,Jichișu de Jos,1641,55,1325,19,4710,1213
2024,8,Jucu,13018,435,5376,75,3776,973
2024,8,Luna,17731,592,11525,162,9205,2371
2024,8,Măguri-Răcătău,1481,49,1964,28,2025,522
2024,8,Mica,16686,557,7343,103,7833,2018
2024,8,Mihai Viteazu,75469,2521,41612,583,40723,10489
2024,8,Mintiu Gherlii,22027,736,10402,146,14846,3824
2024,8,Mociu,37600,1256,22623,317,17278,4450
2024,8,Moldovenești,7886,263,4192,59,2922,753
2024,8,Negreni,10456,349,4292,60,7783,2005
2024,8,Panticeu,9092,304,4621,65,5319,1370
2024,8,Petreștii de Jos,2409,80,2015,28,2849,734
2024,8,Poieni,3577,119,103,1,1443,372
2024,8,Sânpaul,969,32,861,12,1523,392
2024,8,Săvădisla,4016,134,927,13,2263,583
2024,8,Țaga,9460,316,4510,63,3340,860
2024,8,Tritenii de Jos,1052,35,1352,19,1009,260
2024,8,Turda,980858,32768,534212,7489,380197,97926
2024,8,Tureni,2584,86,156,2,2428,625
2024,9,Aghireșu,5692,192,2623,37,1783,469
2024,9,Aiton,835,28,147,2,2661,700
2024,9,Apahida,349224,10999,199482,2808,134038,29368
2024,9,Baciu,56961,1911,33692,482,27464,7085
2024,9,Băișoara,0,0,0,0,571,150
2024,9,Beliș,318,11,227,3,1159,305
2024,9,Bonțida,15941,537,10807,154,8250,2169
2024,9,Căianu,5134,172,2873,41,6894,1812
2024,9,Călățele,1075,36,759,11,425,112
2024,9,Câmpia Turzii,369905,11786,189332,2561,118685,26855
2024,9,Căpușu Mare,496,17,20,0,472,124
2024,9,Cășeiu,10808,373,4861,68,5452,1350
2024,9,Ceanu Mare,1569,52,173,2,191,50
2024,9,Chinteni,17504,590,11270,161,9603,2525
2024,9,Chiuiești,14436,487,6885,98,7893,2075
2024,9,Ciucea,14997,505,5160,74,7667,2016
2024,9,Ciurila,438,15,4,0,749,197
2024,9,Cluj-Napoca,4987990,159694,2528554,35914,1965720,482120
2024,9,Cojocna,12563,424,7577,108,4311,1133
2024,9,Cuzdrioara,806,27,343,5,281,74
2024,9,Dej,501811,17080,256125,3646,220926,50218
2024,9,Feleacu,8831,295,3585,51,12233,3174
2024,9,Fizeșu Gherlii,12050,390,7653,102,6499,1357
2024,9,Florești,728232,23516,402557,5724,336677,80452
2024,9,Frata,11840,399,5359,76,3943,1037
2024,9,Gârbău,1744,59,1280,18,1030,271
2024,9,Geaca,7465,252,3917,56,3096,814
2024,9,Gherla,386005,12787,222805,3188,159759,36290
2024,9,Gilău,52915,1761,31214,441,27644,6722
2024,9,Huedin,347989,10575,184376,2535,123876,25947
2024,9,Iara,39331,1330,15992,228,26448,6953
2024,9,Iclod,8876,299,3539,50,3345,879
2024,9,Jichișu de Jos,432,14,260,4,675,177
2024,9,Jucu,9712,328,5503,78,3139,825
2024,9,Luna,12582,424,7713,110,5630,1480
2024,9,Măguri-Răcătău,1540,52,913,13,870,229
2024,9,Mărișel,335,11,91,1,0,0
2024,9,Mica,8231,278,4122,59,3431,902
2024,9,Mihai Viteazu,76137,2516,42948,612,33790,8446
2024,9,Mintiu Gherlii,28103,873,11137,157,20032,4668
2024,9,Mociu,14035,474,8805,125,7507,1973
2024,9,Moldovenești,6644,223,3821,54,2367,622
2024,9,Negreni,4023,135,1133,16,4634,1218
2024,9,Panticeu,2749,82,1643,23,1177,260
2024,9,Petreștii de Jos,1006,34,717,10,1115,293
2024,9,Ploscoș,7466,252,3582,51,2808,738
2024,9,Poieni,9236,312,2116,30,2232,587
2024,9,Rișca,843,28,4,0,775,204
2024,9,Săndulești,588,20,449,6,795,209
2024,9,Sânpaul,335,11,431,6,1077,283
2024,9,Săvădisla,936,31,10,0,440,116
2024,9,Suatu,946,32,172,2,1845,485
2024,9,Țaga,3716,126,1503,21,2830,744
2024,9,Tritenii de Jos,1751,58,1099,16,387,102
2024,9,Turda,849145,26898,467546,6466,321049,72289
2024,9,Tureni,1278,43,64,1,1455,383
2024,9,Valea Ierii,909,30,332,5,1398,368
2024,10,Aghireșu,4168,140,1515,21,462,119
2024,10,Aiton,731,25,109,2,5929,1526
2024,10,Apahida,286170,9602,166625,2325,102171,26300
2024,10,Baciu,50459,1693,29499,412,23801,6126
2024,10,Băișoara,84,3,51,1,722,186
2024,10,Beliș,390,13,396,6,0,0
2024,10,Bonțida,28378,952,19144,267,13388,3446
2024,10,Buza,685,23,0,0,0,0
2024,10,Căianu,6428,216,4447,62,2029,522
2024,10,Călățele,1961,66,1015,14,996,256
2024,10,Câmpia Turzii,344031,11543,177158,2472,104293,26846
2024,10,Căpușu Mare,6931,233,4013,56,1610,415
2024,10,Cășeiu,31792,1067,15255,213,14738,3794
2024,10,Ceanu Mare,1015,34,640,9,1252,322
2024,10,Chinteni,6002,201,4081,57,2429,625
2024,10,Chiuiești,7910,265,3894,54,2465,635
2024,10,Ciucea,3289,110,1094,15,805,207
2024,10,Ciurila,4975,167,3194,45,5498,1415
2024,10,Cluj-Napoca,4710650,158058,2386668,33298,1872931,482109
2024,10,Cojocna,7381,248,3041,42,6406,1649
2024,10,Cuzdrioara,3494,117,1956,27,1620,417
2024,10,Dej,371951,12480,208478,2909,150927,38850
2024,10,Feleacu,12073,405,6836,95,3183,820
2024,10,Fizeșu Gherlii,8546,287,5368,75,4388,1129
2024,10,Florești,710208,23830,387478,5406,332429,85570
2024,10,Frata,6359,213,3706,52,2159,556
2024,10,Gârbău,3278,110,2529,35,1482,381
2024,10,Geaca,1672,56,1586,22,88,23
2024,10,Gherla,294511,9882,183109,2555,119939,30874
2024,10,Gilău,28567,958,18575,259,8757,2254
2024,10,Huedin,318347,10682,177876,2482,109741,28248
2024,10,Iara,1097,37,743,10,2212,569
2024,10,Iclod,15866,532,16494,230,8106,2087
2024,10,Jichișu de Jos,1462,49,698,10,769,198
2024,10,Jucu,975,33,448,6,1010,260
2024,10,Luna,3276,110,1969,27,1150,296
2024,10,Măguri-Răcătău,1343,45,776,11,791,204
2024,10,Mărișel,8,0,2,0,9042,2327
2024,10,Mica,8270,277,4147,58,3922,1010
2024,10,Mihai Viteazu,50893,1708,25823,360,18085,4655
2024,10,Mintiu Gherlii,20063,673,7588,106,15625,4022
2024,10,Mociu,17200,577,9522,133,6429,1655
2024,10,Moldovenești,30077,1009,15294,213,11388,2931
2024,10,Negreni,8836,296,4617,64,3496,900
2024,10,Panticeu,19164,643,11833,165,9959,2564
2024,10,Petreștii de Jos,163,5,36,0,3385,871
2024,10,Ploscoș,9325,313,3479,49,2109,543
2024,10,Poieni,6052,203,2796,39,12277,3160
2024,10,Sânpaul,2588,87,2204,31,638,164
2024,10,Săvădisla,81,3,3,0,727,187
2024,10,Suatu,1,0,0,0,313,81
2024,10,Țaga,8481,285,5327,74,2707,697
2024,10,Tritenii de Jos,2311,78,1944,27,375,96
2024,10,Turda,747987,25097,424498,5922,264680,68131
2024,10,Tureni,1188,40,181,3,3350,862
2024,10,Unguraș,7136,239,6181,86,2623,675
2024,10,Valea Ierii,180,6,12,0,585,151
2024,11,Aghireșu,2999,110,1908,27,759,199
2024,11,Aiton,81,3,3,0,339,89
2024,11,Apahida,261240,9561,159994,2235,97079,25493
2024,11,Baciu,46543,1703,27412,383,18772,4929
2024,11,Băișoara,1533,56,89,1,3898,1024
2024,11,Bonțida,29694,1087,19151,268,13830,3632
2024,11,Buza,894,33,193,3,590,155
2024,11,Căianu,2249,82,1599,22,1884,495
2024,11,Călățele,546,20,537,8,234,61
2024,11,Câmpia Turzii,15980,585,7486,105,12832,3370
2024,11,Căpușu Mare,1138,42,7,0,5114,1343
2024,11,Cășeiu,20315,744,11680,163,9359,2458
2024,11,Chinteni,14805,542,10273,144,6686,1756
2024,11,Chiuiești,11106,406,5108,71,4480,1176
2024,11,Ciucea,5180,190,2132,30,3582,941
2024,11,Cluj-Napoca,4206013,153936,2156578,30126,1691437,444167
2024,11,Cojocna,11059,405,6670,93,5627,1478
2024,11,Cuzdrioara,903,33,593,8,588,154
2024,11,Dej,364161,13328,184905,2583,143683,37731
2024,11,Feleacu,4855,178,1826,26,4184,1099
2024,11,Fizeșu Gherlii,7083,259,5201,73,3030,796
2024,11,Florești,752892,27555,409437,5720,353558,92843
2024,11,Frata,13397,490,6292,88,5464,1435
2024,11,Gârbău,1674,61,1500,21,329,86
2024,11,Geaca,2864,105,1052,15,1934,508
2024,11,Gherla,270046,9883,158408,2213,106710,28022
2024,11,Gilău,28679,1050,17548,245,12546,3295
2024,11,Huedin,252712,9249,137572,1922,92482,24286
2024,11,Iara,37042,1356,17653,247,16058,4217
2024,11,Iclod,4848,177,4005,56,2329,612
2024,11,Jichișu de Jos,492,18,428,6,754,198
2024,11,Jucu,7908,289,3100,43,2737,719
2024,11,Luna,7801,286,5626,79,3932,1033
2024,11,Măguri-Răcătău,618,23,868,12,361,95
2024,11,Mărgău,137,5,74,1,626,164
2024,11,Mica,5393,197,2354,33,1367,359
2024,11,Mihai Viteazu,44198,1618,27370,382,16109,4230
2024,11,Mintiu Gherlii,17047,624,5663,79,13258,3482
2024,11,Mociu,17792,651,12092,169,7572,1988
2024,11,Moldovenești,6330,232,3502,49,1604,421
2024,11,Negreni,5287,193,1778,25,2988,785
2024,11,Panticeu,13028,477,6813,95,6903,1813
2024,11,Petreștii de Jos,293,11,200,3,681,179
2024,11,Ploscoș,4296,157,1984,28,1208,317
2024,11,Poieni,4362,160,675,9,1254,329
2024,11,Săndulești,550,20,363,5,507,133
2024,11,Suatu,297,11,40,1,1285,337
2024,11,Țaga,3275,120,1691,24,1770,465
2024,11,Turda,520338,19044,297410,4155,196107,51497
2024,11,Tureni,311,11,5,0,1639,430
2024,11,Unguraș,8884,325,7784,109,4796,1259
2024,11,Vad,2761,101,1264,18,2047,538
2024,12,Aghireșu,2739,95,1266,18,371,97
2024,12,Apahida,253680,8803,156415,2185,99207,26028
2024,12,Baciu,32079,1113,18532,259,13980,3668
2024,12,Băișoara,727,25,80,2,134,35
2024,12,Bonțida,24919,865,17182,240,11761,3086
2024,12,Buza,999,35,421,6,672,176
2024,12,Căianu,1909,66,1966,27,1116,293
2024,12,Călățele,298,10,242,4,6,2
2024,12,Câmpia Turzii,286175,9931,155420,2171,102294,26838
2024,12,Căpușu Mare,1952,68,448,6,4869,1277
2024,12,Cășeiu,20886,725,10899,152,10714,2811
2024,12,Ceanu Mare,9589,333,2494,35,2616,686
2024,12,Chinteni,16052,557,9735,136,7047,1849
2024,12,Chiuiești,3018,105,1241,17,838,220
2024,12,Ciucea,5526,192,1191,17,2378,624
2024,12,Ciurila,911,32,409,6,471,124
2024,12,Cluj-Napoca,4000358,138819,2150327,30037,1667195,437402
2024,12,Cojocna,11902,413,6725,94,5788,1519
2024,12,Cuzdrioara,320,11,415,6,107,28
2024,12,Dej,360090,12496,189039,2641,148444,38945
2024,12,Feleacu,9343,324,2531,35,9692,2543
2024,12,Fizeșu Gherlii,5813,202,4662,65,2981,782
2024,12,Florești,639066,22177,372370,5201,292999,76871
2024,12,Frata,7353,255,4253,59,3054,801
2024,12,Gârbău,1322,46,1171,16,408,107
2024,12,Geaca,7335,255,4098,57,1797,471
2024,12,Gherla,243623,8454,156747,2190,101778,26702
2024,12,Gilău,34885,1211,22879,320,15599,4093
2024,12,Huedin,247630,8593,137526,1921,92013,24140
2024,12,Iara,37100,1287,15311,214,19180,5032
2024,12,Iclod,8096,281,4440,62,2399,629
2024,12,Jichișu de Jos,864,30,512,7,1497,393
2024,12,Jucu,7907,274,3489,49,2808,737
2024,12,Luna,5275,183,4703,66,1945,510
2024,12,Măguri-Răcătău,1246,43,959,13,990,260
2024,12,Mărișel,401,14,74,2,583,153
2024,12,Mica,5572,193,2812,39,1657,435
2024,12,Mihai Viteazu,39490,1370,23133,323,15399,4040
2024,12,Mintiu Gherlii,11756,408,4193,59,11209,2941
2024,12,Mociu,21230,737,13067,183,13874,3640
2024,12,Moldovenești,2962,103,2203,31,1350,354
2024,12,Negreni,3906,136,1481,21,3453,906
2024,12,Panticeu,11561,401,8675,121,7208,1891
2024,12,Ploscoș,7349,255,3345,47,2146,563
2024,12,Poieni,1333,46,156,2,282,74
2024,12,Suatu,368,13,46,2,1728,453
2024,12,Țaga,2755,96,1757,25,615,161
2024,12,Turda,599021,20787,352117,4919,237202,62232
2024,12,Unguraș,8906,309,7313,102,3796,996
2024,12,Vad,6952,241,2919,41,3636,954
2025,1,Aghireșu,2783,98,1276,18,532,141
2025,1,Aiton,321,11,18,0,770,204
2025,1,Apahida,267120,9396,163582,2280,125555,33323
2025,1,Baciu,50746,1785,32562,454,22170,5884
2025,1,Băișoara,734,26,171,2,790,210
2025,1,Bonțida,30201,1062,18609,259,17487,4641
2025,1,Buza,872,31,300,4,166,44
2025,1,Căianu,2017,71,1912,27,1318,350
2025,1,Călățele,1295,46,1197,17,487,129
2025,1,Câmpia Turzii,288125,10135,157329,2193,117314,31135
2025,1,Cășeiu,22593,795,11845,165,15951,4233
2025,1,Ceanu Mare,11792,415,4042,56,5725,1519
2025,1,Chinteni,17063,600,10626,148,9782,2596
2025,1,Chiuiești,14123,497,6796,95,6166,1636
2025,1,Ciucea,8383,295,2859,40,6450,1712
2025,1,Ciurila,534,19,2,0,1151,305
2025,1,Cluj-Napoca,4073832,143293,2247240,31320,1894253,502740
2025,1,Cojocna,13834,487,8154,114,6655,1766
2025,1,Dej,418041,14704,218074,3039,213228,56591
2025,1,Feleacu,7642,269,3692,51,7311,1940
2025,1,Fizeșu Gherlii,7083,249,4920,69,4124,1095
2025,1,Florești,603987,21245,348947,4863,333519,88517
2025,1,Frata,17036,599,10195,142,6925,1838
2025,1,Gârbău,1631,57,2001,28,582,154
2025,1,Geaca,9597,338,4264,59,1575,418
2025,1,Gherla,288686,10154,182049,2537,142150,37727
2025,1,Gilău,53245,1873,35855,500,26654,7074
2025,1,Huedin,263789,9279,157348,2193,131839,34990
2025,1,Iara,47429,1668,23488,327,23468,6228
2025,1,Iclod,11330,399,6390,89,5061,1343
2025,1,Jichișu de Jos,1006,35,403,6,1770,470
2025,1,Jucu,12903,454,7145,100,3427,910
2025,1,Luna,8557,301,6783,95,4442,1179
2025,1,Măguri-Răcătău,869,31,399,6,488,130
2025,1,Mărgău,593,21,226,3,786,209
2025,1,Mica,7325,258,3165,44,1643,436
2025,1,Mihai Viteazu,42798,1505,25179,351,19709,5231
2025,1,Mintiu Gherlii,15707,552,5638,79,16650,4419
2025,1,Mociu,23185,816,14418,201,11953,3172
2025,1,Moldovenești,4861,171,3445,48,2052,545
2025,1,Negreni,5979,210,1937,27,3882,1030
2025,1,Panticeu,15193,534,9633,134,9466,2512
2025,1,Petreștii de Jos,466,16,269,4,733,195
2025,1,Ploscoș,6868,242,2977,41,1509,400
2025,1,Poieni,2975,105,153,2,980,260
2025,1,Săvădisla,2098,74,236,3,825,219
2025,1,Suatu,287,10,82,1,51,14
2025,1,Țaga,2475,87,1967,27,1067,283
2025,1,Tritenii de Jos,198,7,347,5,365,97
2025,1,Turda,623468,21930,369156,5145,307964,81735
2025,1,Unguraș,10370,365,7726,108,4086,1084
2025,1,Vad,6912,243,2195,31,2716,721
2025,1,Valea Ierii,1076,38,520,7,1113,295
2025,2,Aghireșu,4613,160,2102,29,838,223
2025,2,Aiton,221,8,7,0,633,168
2025,2,Apahida,249157,8655,150230,2091,94717,25155
2025,2,Baciu,33596,1167,19906,277,18685,4962
2025,2,Băișoara,984,34,35,0,213,57
2025,2,Bonțida,22213,772,12575,175,10120,2688
2025,2,Buza,1308,45,296,4,517,137
2025,2,Căianu,4083,142,1782,25,2892,768
2025,2,Călățele,399,14,394,5,102,27
2025,2,Câmpia Turzii,249907,8681,133978,1865,82726,21970
2025,2,Căpușu Mare,698,24,770,11,1877,498
2025,2,Cășeiu,18190,632,10319,144,11160,2964
2025,2,Ceanu Mare,10717,372,4200,58,4692,1246
2025,2,Chinteni,16976,590,11031,154,7515,1996
2025,2,Chiuiești,13534,470,4496,63,3472,922
2025,2,Ciucea,5039,175,975,14,2996,796
2025,2,Ciurila,0,0,237,3,524,139
2025,2,Cluj-Napoca,3807044,132249,2007144,27934,1531788,406815
2025,2,Cojocna,11601,403,5933,83,4951,1315
2025,2,Cuzdrioara,1110,39,443,6,290,77
2025,2,Dej,349872,12154,182243,2536,144742,38441
2025,2,Feleacu,6641,231,3057,43,4692,1246
2025,2,Fizeșu Gherlii,5279,183,3927,55,2174,577
2025,2,Florești,576231,20017,330920,4606,293078,77836
2025,2,Frata,9900,344,3737,52,4734,1257
2025,2,Gârbău,1085,38,660,9,273,73
2025,2,Geaca,7248,252,3743,52,2657,706
2025,2,Gherla,231072,8027,137995,1921,92537,24576
2025,2,Gilău,41510,1442,27944,389,22041,5854
2025,2,Huedin,242464,8423,123881,1724,86952,23093
2025,2,Iara,29297,1018,13598,189,14929,3965
2025,2,Iclod,9311,323,5019,70,3885,1032
2025,2,Jucu,19862,690,9976,139,5765,1531
2025,2,Luna,11179,388,5863,82,4836,1284
2025,2,Măguri-Răcătău,504,18,267,4,877,233
2025,2,Mărgău,216,8,151,2,890,236
2025,2,Mărișel,770,27,176,2,561,149
2025,2,Mica,4552,158,2153,30,922,245
2025,2,Mihai Viteazu,39591,1375,22196,309,15930,4231
2025,2,Mintiu Gherlii,11731,408,3707,52,12118,3218
2025,2,Mociu,20693,719,14735,205,14296,3797
2025,2,Moldovenești,4930,171,2276,32,2386,634
2025,2,Negreni,4959,172,2100,29,3187,846
2025,2,Panticeu,15088,524,9513,132,5388,1431
2025,2,Ploscoș,3053,106,1177,16,1007,267
2025,2,Poieni,693,24,20,0,674,179
2025,2,Săndulești,527,18,451,6,675,179
2025,2,Săvădisla,244,8,146,2,246,65
2025,2,Suatu,465,16,96,1,0,0
2025,2,Țaga,4290,149,2585,36,2053,545
2025,2,Tritenii de Jos,2203,77,1186,17,412,109
2025,2,Turda,540030,18759,302775,4214,228913,60795
2025,2,Tureni,298,10,8,0,0,0
2025,2,Unguraș,8895,309,6794,95,3312,880
2025,2,Vad,1752,61,418,6,766,203
2025,3,Cluj-Napoca,4746424,165014,2472277,34296,1839095,486917
2025,3,Câmpia Turzii,319087,11093,164616,2284,99911,26452
2025,3,Turda,676912,23534,379816,5269,258731,68501
2025,3,Gherla,290998,10117,177079,2456,111489,29518
2025,3,Huedin,299077,10398,160668,2229,108135,28630
2025,3,Apahida,295850,10286,175350,2432,109794,29069
2025,3,Dej,429934,14947,233641,3241,178597,47285
2025,3,Luna,27773,966,15548,216,9168,2427
2025,3,Florești,727628,25297,409665,5683,355670,94167
2025,3,Baciu,44588,1550,26106,362,20410,5404
2025,3,Gilău,53402,1857,36026,500,21387,5662
2025,3,Panticeu,17524,609,10489,146,7410,1962
2025,3,Aghireșu,19540,679,8363,116,4841,1282
2025,3,Bonțida,35576,1237,23687,329,16739,4432
2025,3,Iara,29249,1017,14287,198,15614,4134
2025,3,Mociu,32179,1119,17901,248,16639,4405
2025,3,Iclod,10439,363,5510,76,4842,1282
2025,3,Cășeiu,30462,1059,18471,256,14734,3901
2025,3,Mihai Viteazu,39472,1372,24922,346,16494,4367
2025,3,Mica,6146,214,3236,45,2734,724
2025,3,Chinteni,22984,799,12935,179,9917,2626
2025,3,Unguraș,11278,392,8147,113,4096,1084
2025,3,Chiuiești,18689,650,7347,102,6709,1776
2025,3,Cojocna,14868,517,8167,113,7334,1942
2025,3,Mintiu Gherlii,15898,553,5641,78,14540,3850
2025,3,Fizeșu Gherlii,8841,307,5278,73,5006,1325
2025,3,Feleacu,9948,346,4000,55,4777,1265
2025,3,Ceanu Mare,14140,492,4797,67,4597,1217
2025,3,Jucu,22332,776,10277,143,5126,1357
2025,3,Ploscoș,3544,123,2089,29,2206,584
2025,3,Căianu,1557,54,690,10,1085,287
2025,3,Măguri-Răcătău,1925,67,990,14,992,263
2025,3,Ciucea,7460,259,2375,33,5831,1544
2025,3,Frata,3009,105,1892,26,612,162
2025,3,Negreni,3162,110,899,12,1466,388
2025,3,Geaca,4880,170,2576,36,2191,580
2025,3,Țaga,2498,87,2216,31,1169,310
2025,3,Călățele,495,17,451,6,0,0
2025,3,Tritenii de Jos,926,32,347,5,647,171
2025,3,Ciurila,237,8,107,1,259,69
2025,3,Tureni,255,9,0,0,155,41
2025,3,Beliș,0,0,0,0,181,48
2025,3,Moldovenești,3123,109,1877,26,1494,396
2025,3,Săvădisla,1669,58,1,0,839,222
2025,3,Petreștii de Jos,585,20,370,5,919,243
2025,3,Suatu,2,0,2,0,1285,340
2025,3,Buza,993,35,689,10,996,264
2025,3,Cuzdrioara,641,22,258,4,124,33
2025,3,Jichișu de Jos,679,24,329,5,370,98
2025,3,Poieni,1081,38,68,1,2,1
2025,3,Mărișel,2285,79,132,2,1514,401
2025,3,Gârbău,969,34,698,10,363,96
2025,3,Aiton,133,5,6,0,201,53
2025,3,Săndulești,619,22,657,9,517,137
2025,3,Căpușu Mare,448,16,394,5,2553,676
2025,4,Aghireșu,19910,688,9594,133,5378,1398
2025,4,Aiton,374,15,6,0,410,119
2025,4,Apahida,285046,9836,182185,2527,108924,28142
2025,4,Baciu,65922,2220,43397,611,27034,6698
2025,4,Bonțida,36362,1254,24241,336,15736,4067
2025,4,Buza,3455,115,940,13,1390,297
2025,4,Căianu,3320,105,3113,44,4480,964
2025,4,Călățele,899,32,787,10,150,31
2025,4,Câmpia Turzii,319774,11071,181685,2514,111387,28639
2025,4,Căpușu Mare,1996,48,1017,13,250,53
2025,4,Cășeiu,26888,936,15267,212,16725,4080
2025,4,Ceanu Mare,12509,433,4386,61,5222,1359
2025,4,Chinteni,19472,673,10748,149,7889,2050
2025,4,Chiuiești,19137,662,8463,117,5688,1470
2025,4,Ciucea,13070,386,3482,49,6168,1459
2025,4,Ciurila,473,10,265,4,1870,658
2025,4,Cluj-Napoca,4435070,152801,2425368,33647,1846633,486638
2025,4,Cojocna,14385,497,8544,118,6986,1816
2025,4,Cuzdrioara,1237,44,931,12,569,110
2025,4,Dej,420640,14556,236190,3277,181192,46506
2025,4,Feleacu,8930,346,4181,57,5799,1704
2025,4,Fizeșu Gherlii,7245,250,5404,75,2776,721
2025,4,Florești,715481,24747,423541,5880,353191,91102
2025,4,Frata,19104,651,9771,132,4985,1296
2025,4,Gârbău,891,33,980,14,223,56
2025,4,Geaca,11783,395,7246,101,5256,1245
2025,4,Gherla,281140,9772,176649,2455,114056,29135
2025,4,Gilău,53708,1858,36276,504,26653,6641
2025,4,Huedin,274856,9502,160751,2229,102526,26640
2025,4,Iara,57606,1823,28380,397,22556,4948
2025,4,Iclod,20807,718,10656,148,10824,2750
2025,4,Jichișu de Jos,1000,36,549,8,1100,207
2025,4,Jucu,24157,831,14062,196,7383,2034
2025,4,Luna,24692,854,16521,229,11842,3078
2025,4,Măguri-Răcătău,773,29,232,3,811,165
2025,4,Mica,11963,411,6537,91,5399,1410
2025,4,Mihai Viteazu,49736,1688,30096,421,18531,4724
2025,4,Mintiu Gherlii,21378,735,9426,131,20842,5567
2025,4,Mociu,29466,1001,17547,240,13984,3509
2025,4,Moldovenești,6546,219,3019,41,2636,557
2025,4,Negreni,3455,119,1705,24,2364,457
2025,4,Panticeu,19056,659,11377,158,7852,2041
2025,4,Ploscoș,6179,176,3010,41,1383,284
2025,4,Poieni,3062,90,432,6,870,212
2025,4,Săvădisla,275,6,70,1,497,126
2025,4,Suatu,845,31,129,2,2634,641
2025,4,Țaga,2479,92,1983,29,1655,352
2025,4,Tritenii de Jos,334,9,360,5,394,83
2025,4,Turda,686996,23720,415224,5754,288174,74944
2025,4,Tureni,1487,36,89,1,424,82
2025,4,Unguraș,12075,417,8419,117,6031,1567
2025,4,Vad,2279,76,2029,29,1620,325
2025,5,Aghireșu,24069,828,11674,163,7572,1944
2025,5,Aiton,157,6,19,0,1832,623
2025,5,Apahida,299024,10251,206243,2877,121076,30896
2025,5,Baciu,57965,1971,41158,575,35536,9492
2025,5,Băișoara,8965,274,4768,68,4200,907
2025,5,Bonțida,41626,1426,29662,414,19202,4805
2025,5,Buza,3614,111,1931,26,1431,264
2025,5,Căianu,4128,108,2260,31,7518,1633
2025,5,Călățele,1285,45,1090,14,615,133
2025,5,Câmpia Turzii,340994,11714,193138,2686,127219,32319
2025,5,Căpușu Mare,359,9,317,4,1708,407
2025,5,Cășeiu,36408,1274,22018,305,18649,4667
2025,5,Ceanu Mare,12964,447,5346,74,6287,1611
2025,5,Chinteni,21335,734,14118,197,10201,2619
2025,5,Chiuiești,18930,651,10180,143,8225,2006
2025,5,Ciucea,18727,581,8021,114,13251,3305
2025,5,Ciurila,3089,105,2667,38,2101,502
2025,5,Cluj-Napoca,4649671,159421,2708275,37774,2164678,564439
2025,5,Cluj-Napoca,218,4,13,0,588,185
2025,5,Cojocna,15906,545,10356,144,8845,2260
2025,5,Cuzdrioara,1225,48,371,5,225,56
2025,5,Dej,454361,15582,273658,3819,232591,59338
2025,5,Feleacu,16319,671,4387,59,13235,3958
2025,5,Fizeșu Gherlii,8175,281,6524,91,3536,910
2025,5,Florești,794378,27329,488343,6815,411756,105417
2025,5,Frata,26078,880,15250,208,9861,2422
2025,5,Gârbău,3521,128,2754,39,783,236
2025,5,Geaca,19625,675,13020,181,9654,2479
2025,5,Gherla,304818,10571,203365,2845,131129,32990
2025,5,Gilău,60536,2065,39927,558,35587,8816
2025,5,Huedin,303100,10421,180586,2517,126960,32556
2025,5,Iara,40189,1319,22270,314,21294,4744
2025,5,Iclod,24380,837,16036,223,12206,3123
2025,5,Jichișu de Jos,943,35,694,10,1147,205
2025,5,Jucu,36367,1245,18327,255,16330,4756
2025,5,Luna,28750,989,20336,283,12567,3227
2025,5,Măguri-Răcătău,1524,44,383,5,636,134
2025,5,Mărgău,537,13,372,5,674,141
2025,5,Mărișel,363,12,94,1,258,53
2025,5,Mica,14196,478,8765,122,6129,1574
2025,5,Mihai Viteazu,51916,1757,31593,442,22372,5553
2025,5,Mintiu Gherlii,20678,703,8885,124,22404,6020
2025,5,Mociu,26306,901,17201,239,12869,3240
2025,5,Moldovenești,9323,293,4638,62,4819,949
2025,5,Negreni,8173,256,2103,30,4901,1015
2025,5,Panticeu,21839,751,15092,210,10625,2728
2025,5,Ploscoș,4438,129,2166,30,1904,403
2025,5,Poieni,2360,70,692,10,615,135
2025,5,Rișca,359,8,0,0,1255,262
2025,5,Săndulești,495,13,439,5,532,107
2025,5,Săvădisla,1132,35,497,7,1472,328
2025,5,Suatu,209,7,44,1,1775,475
2025,5,Țaga,2376,90,1857,27,843,167
2025,5,Tritenii de Jos,315,7,360,5,512,104
2025,5,Turda,713781,24514,450837,6279,317298,81754
2025,5,Tureni,741,27,172,2,994,257
2025,5,Unguraș,11581,398,9381,131,6266,1609
2025,5,Valea Ierii,771,19,322,4,703,142
2025,6,Aghireșu,24298,822,13253,185,6961,1764
2025,6,Aiton,777,30,41,1,2642,855
2025,6,Apahida,331329,11185,216445,3032,128359,32370
2025,6,Baciu,73110,2434,53079,744,38125,10087
2025,6,Băișoara,15066,456,7565,107,13957,3013
2025,6,Beliș,907,24,90,1,1158,264
2025,6,Bonțida,44984,1525,33060,463,21740,5457
2025,6,Buza,3319,102,1810,25,1847,393
2025,6,Căianu,2786,86,2460,34,2079,432
2025,6,Călățele,1792,59,1649,21,252,48
2025,6,Câmpia Turzii,406327,13745,244687,3416,152986,38550
2025,6,Căpușu Mare,1644,61,583,8,7385,1726
2025,6,Cășeiu,34023,1162,22221,309,23355,5388
2025,6,Ceanu Mare,18453,624,8242,115,9324,2354
2025,6,Chinteni,28531,965,19987,280,15519,3933
2025,6,Chiuiești,22582,761,11994,169,9175,2222
2025,6,Ciucea,19832,617,7664,107,10869,2810
2025,6,Ciurila,10112,316,7030,98,5741,1296
2025,6,Cluj-Napoca,5495369,185476,3141209,43986,2430871,630629
2025,6,Cojocna,19172,636,10378,145,9491,2354
2025,6,Cuzdrioara,457,20,93,1,77,20
2025,6,Dej,519017,17566,313798,4398,247641,62464
2025,6,Feleacu,23347,916,5815,79,21401,6911
2025,6,Fizeșu Gherlii,10738,352,6662,93,5384,1255
2025,6,Florești,875458,29623,540600,7574,432048,109135
2025,6,Frata,29124,970,16697,228,14993,3579
2025,6,Gârbău,1387,51,1395,20,720,170
2025,6,Geaca,22110,748,17544,246,9633,2442
2025,6,Gherla,358374,12193,240106,3373,152308,37850
2025,6,Gilău,59789,2015,41235,579,29552,7266
2025,6,Huedin,323279,10907,191800,2684,135978,34116
2025,6,Iara,45574,1440,25867,366,20840,4658
2025,6,Iclod,29388,994,18935,265,13034,3303
2025,6,Jichișu de Jos,1079,37,799,12,1070,235
2025,6,Jucu,47701,1609,26835,376,24323,6873
2025,6,Luna,30164,1017,21683,303,13078,3297
2025,6,Măguri-Răcătău,2038,58,741,11,1495,279
2025,6,Mărișel,369,11,167,3,410,86
2025,6,Mica,14226,472,9241,129,6640,1645
2025,6,Mihai Viteazu,51490,1708,31163,440,21788,5260
2025,6,Mintiu Gherlii,26252,883,10669,149,29939,7983
2025,6,Mociu,32016,1083,21674,303,17562,4269
2025,6,Moldovenești,8992,280,4677,63,4078,824
2025,6,Negreni,5209,161,2077,30,4317,754
2025,6,Panticeu,27465,929,16373,229,12136,3076
2025,6,Petreștii de Jos,688,19,381,5,1354,251
2025,6,Ploscoș,5163,153,2435,35,2221,452
2025,6,Poieni,8194,252,2243,32,3519,730
2025,6,Săndulești,422,12,314,4,585,109
2025,6,Săvădisla,4225,141,2295,31,1599,310
2025,6,Suatu,814,30,142,2,2606,651
2025,6,Țaga,1229,45,892,13,941,187
2025,6,Tritenii de Jos,332,9,423,6,117,22
2025,6,Turda,846431,28585,535690,7494,366863,93769
2025,6,Tureni,1661,54,211,3,1287,335
2025,6,Unguraș,13637,461,11960,167,7028,1781
2025,6,Vad,2738,97,1279,18,2270,441
2025,7,Aghireșu,36967,1216,18714,266,11538,2524
2025,7,Aiton,949,24,52,4,1811,602
2025,7,Apahida,355671,11205,235592,3848,138358,30402
2025,7,Baciu,86398,2801,60053,1543,46515,12199
2025,7,Băișoara,13233,378,6424,487,11765,2468
2025,7,Bonțida,179555,4024,157963,1307,44388,13148
2025,7,Borșa,1725,47,1238,0,266,59
2025,7,Buza,4343,130,2070,157,1762,357
2025,7,Căianu,5251,136,3860,284,6456,1472
2025,7,Călățele,1236,35,1448,95,596,120
2025,7,Câmpia Turzii,456855,14727,261302,3885,160388,36366
2025,7,Căpușu Mare,1745,56,87,6,3467,850
2025,7,Cășeiu,41412,1452,24450,204,22985,4795
2025,7,Ceanu Mare,21592,664,8690,4,8243,1745
2025,7,Chinteni,30695,1027,21365,0,18063,4541
2025,7,Chiuiești,26458,898,14557,187,10149,2168
2025,7,Ciucea,23682,714,11834,7,14158,3114
2025,7,Ciurila,12239,389,7836,604,6273,1617
2025,7,Cluj-Napoca,5639206,181651,3191452,43878,2428898,623416
2025,7,Cojocna,20367,674,11802,31,10147,2099
2025,7,Cuzdrioara,1019,36,950,72,415,103
2025,7,Dej,594189,20240,361583,4590,283010,62910
2025,7,Feleacu,30382,1105,6296,138,22830,8114
2025,7,Fizeșu Gherlii,11561,381,7390,1,6032,1209
2025,7,Florești,908761,29559,569866,5674,440029,108309
2025,7,Frata,35103,1101,19800,392,15288,3337
2025,7,Gârbău,3312,112,2585,204,995,247
2025,7,Geaca,25491,818,16640,0,10241,2208
2025,7,Gherla,397005,13169,252311,3874,164846,37028
2025,7,Gilău,70041,2303,47427,1174,40914,9148
2025,7,Huedin,390886,11798,234761,3291,153163,32824
2025,7,Iara,48399,1434,26721,1277,27590,6014
2025,7,Iclod,36544,1128,22903,51,15056,3135
2025,7,Jichișu de Jos,1138,39,846,65,1519,296
2025,7,Jucu,53183,1529,30405,49,28787,7617
2025,7,Luna,35983,1120,22003,89,14722,3181
2025,7,Măguri-Răcătău,2018,53,652,51,1130,231
2025,7,Mărgău,711,17,490,35,574,139
2025,7,Mica,18145,625,11513,33,7118,1688
2025,7,Mihai Viteazu,64800,2012,36732,908,25005,5684
2025,7,Mintiu Gherlii,29511,972,12748,13,30058,7691
2025,7,Mociu,37752,1209,23133,386,19184,3956
2025,7,Moldovenești,10136,302,4654,349,5836,1209
2025,7,Negreni,4451,134,3073,244,3647,878
2025,7,Panticeu,32462,995,19962,279,12092,2469
2025,7,Petreștii de Jos,388,9,222,16,616,121
2025,7,Ploscoș,10320,290,5794,438,3175,653
2025,7,Poieni,4734,146,2271,177,2484,510
2025,7,Săndulești,603,16,484,33,565,115
2025,7,Săvădisla,5772,171,4232,316,2895,614
2025,7,Sic,747,27,295,21,382,82
2025,7,Suatu,784,29,140,9,2350,490
2025,7,Țaga,3629,121,3113,246,2729,539
2025,7,Tritenii de Jos,1538,50,305,22,857,176
2025,7,Turda,916472,29042,569226,7797,379258,88074
2025,7,Tureni,3020,104,258,18,3275,919
2025,7,Unguraș,17510,608,13385,0,7497,1592
2025,7,Vad,3457,116,1308,101,1161,241
2025,7,Valea Ierii,1084,25,463,35,1918,537
2025,8,Aghireșu,27054,907,14406,202,7436,1656
2025,8,Aiton,482,18,26,0,1340,430
2025,8,Apahida,332991,10601,228626,3219,137069,30156
2025,8,Baciu,75491,2462,55413,794,35496,9068
2025,8,Băișoara,20446,586,8814,123,11868,2454
2025,8,Beliș,164,5,191,3,757,233
2025,8,Bonțida,68070,2076,51865,717,29974,6465
2025,8,Borșa,9422,287,7802,111,3771,781
2025,8,Buza,3492,101,2571,35,1254,247
2025,8,Căianu,3840,102,3900,51,3069,591
2025,8,Călățele,1935,57,1258,16,509,100
2025,8,Câmpia Turzii,468156,14992,278047,3793,171662,38079
2025,8,Căpușu Mare,2984,67,1865,24,1505,317
2025,8,Cășeiu,42786,1488,23614,323,24237,4831
2025,8,Ceanu Mare,21623,692,9236,124,11138,2324
2025,8,Chinteni,29179,988,18302,261,15267,3529
2025,8,Chiuiești,27401,931,15411,218,10922,2258
2025,8,Ciucea,27749,800,11368,163,15615,3414
2025,8,Ciurila,14764,430,8849,126,6538,1647
2025,8,Cluj-Napoca,5460225,175024,3211308,45573,2318902,592927
2025,8,Cojocna,24460,820,16287,221,13466,2843
2025,8,Cuzdrioara,1532,53,668,9,442,92
2025,8,Dej,611950,20774,374028,5302,287199,63333
2025,8,Feleacu,21385,706,6830,94,14712,4691
2025,8,Fizeșu Gherlii,10772,342,7752,105,4885,965
2025,8,Florești,901673,29291,568071,8048,430540,104719
2025,8,Frata,35114,1112,18243,249,15451,3268
2025,8,Gârbău,2053,72,1991,29,562,137
2025,8,Geaca,24294,770,16956,243,9215,2002
2025,8,Gherla,415807,13695,265162,3797,168587,37516
2025,8,Gilău,74329,2440,52086,732,40878,8997
2025,8,Huedin,385184,11721,243357,3348,150866,32136
2025,8,Iara,49599,1452,26295,372,23556,4877
2025,8,Iclod,34163,1070,22140,313,15926,3285
2025,8,Jichișu de Jos,1208,41,832,12,1743,323
2025,8,Jucu,59444,1761,34806,476,26799,6426
2025,8,Luna,33602,1068,20615,274,15299,3412
2025,8,Măguri-Răcătău,2295,63,928,14,999,193
2025,8,Mărișel,2007,49,288,4,1053,216
2025,8,Mica,20576,700,14382,207,10842,2568
2025,8,Mihai Viteazu,57851,1775,39227,561,24553,5420
2025,8,Mintiu Gherlii,27756,900,13084,184,28312,7542
2025,8,Mociu,37923,1204,23694,331,19273,3880
2025,8,Moldovenești,9767,277,5804,78,3834,751
2025,8,Negreni,11769,356,5006,72,7979,1548
2025,8,Panticeu,30067,910,20420,286,13581,2808
2025,8,Petreștii de Jos,496,12,208,3,979,178
2025,8,Ploscoș,9052,257,4925,68,3653,715
2025,8,Poieni,10563,300,3776,54,3536,725
2025,8,Săndulești,0,0,0,0,484,91
2025,8,Săvădisla,5276,152,3429,46,2452,510
2025,8,Sic,568,18,0,0,2,0
2025,8,Suatu,703,25,380,5,1764,340
2025,8,Țaga,4044,134,2815,41,1350,269
2025,8,Tritenii de Jos,4129,145,2408,32,2833,620
2025,8,Turda,938462,29687,598308,8304,397219,91211
2025,8,Tureni,1379,49,267,4,1403,406
2025,8,Unguraș,16097,552,14617,209,6842,1430
2025,8,Vad,1698,68,646,9,596,128
2025,9,Aghireșu,38247,1261,21214,297,10926,2391
2025,9,Aiton,438,14,6,0,1143,360
2025,9,Apahida,306936,9726,204457,2873,116568,25935
2025,9,Baciu,63468,2052,45819,663,40605,10659
2025,9,Băișoara,16581,483,9434,130,10064,2054
2025,9,Bonțida,51789,1613,40988,559,24374,5144
2025,9,Borșa,10106,315,7104,101,4053,837
2025,9,Buza,2080,65,1493,21,633,117
2025,9,Căianu,4349,114,3107,43,4448,925
2025,9,Călățele,1358,42,1025,13,708,140
2025,9,Câmpia Turzii,371426,11957,222454,3025,129460,29469
2025,9,Căpușu Mare,1621,56,856,11,4989,1150
2025,9,Cășeiu,34328,1218,21160,289,22234,4364
2025,9,Ceanu Mare,18520,585,7519,103,5952,1269
2025,9,Chinteni,31405,1063,20570,303,12596,2953
2025,9,Chiuiești,24538,821,13284,187,8551,1766
2025,9,Ciucea,17563,519,7721,110,10315,2303
2025,9,Ciurila,13127,407,9239,131,4922,1115
2025,9,Cluj-Napoca,4663939,151372,2737006,39217,1961872,505110
2025,9,Cojocna,23387,768,14951,200,11079,2291
2025,9,Cuzdrioara,730,27,295,4,218,43
2025,9,Dej,511762,17528,309497,4375,227509,51271
2025,9,Feleacu,22398,827,5370,73,14545,4821
2025,9,Fizeșu Gherlii,9777,308,7585,102,4524,896
2025,9,Florești,796325,25876,500561,7131,378437,94657
2025,9,Frata,27561,865,17789,242,13137,2846
2025,9,Gârbău,1836,63,2107,30,624,183
2025,9,Geaca,18079,601,12954,186,7728,1666
2025,9,Gherla,350122,11735,221574,3173,136479,30652
2025,9,Gilău,65682,2124,44178,619,33896,7543
2025,9,Huedin,329153,9985,205602,2841,131548,28539
2025,9,Iara,49284,1437,27055,382,22644,4739
2025,9,Iclod,24883,784,17626,250,10926,2312
2025,9,Jichișu de Jos,1586,56,699,10,1141,211
2025,9,Jucu,49420,1430,29181,398,22808,6013
2025,9,Luna,29467,938,19315,257,12875,2806
2025,9,Măguri-Răcătău,1705,43,700,10,1032,231
2025,9,Mărgău,480,13,448,6,674,138
2025,9,Mărișel,523,14,139,2,386,85
2025,9,Mica,15406,528,9383,134,6788,1719
2025,9,Mihai Viteazu,50636,1587,28433,403,20514,4546
2025,9,Mintiu Gherlii,25988,856,11187,156,26162,6504
2025,9,Mociu,30737,986,20080,281,12750,2639
2025,9,Moldovenești,10167,295,4624,61,4292,868
2025,9,Negreni,3815,120,1603,23,3904,739
2025,9,Panticeu,24803,729,15423,214,11996,2456
2025,9,Ploscoș,6783,187,2870,40,2465,471
2025,9,Poieni,7574,220,2155,31,2658,619
2025,9,Săndulești,709,18,518,6,0,0
2025,9,Săvădisla,5084,154,2764,37,2118,450
2025,9,Sic,168,6,3,0,167,36
2025,9,Suatu,769,28,126,2,1968,413
2025,9,Țaga,5703,198,5672,83,2594,600
2025,9,Tritenii de Jos,11292,404,8235,106,5728,1213
2025,9,Turda,787853,25110,515115,7136,330589,76831
2025,9,Tureni,3369,106,328,4,2103,614
2025,9,Unguraș,13894,492,11705,167,6131,1353
2025,9,Vad,5431,189,3532,51,3208,654
2025,9,Valea Ierii,551,14,350,5,649,126
2025,10,Aghireșu,24296,789,13194,184,6154,1357
2025,10,Aiton,257,10,5,0,1238,431
2025,10,Apahida,258114,8242,166789,2339,93680,21298
2025,10,Baciu,60157,1989,41773,605,32231,9057
2025,10,Băișoara,13782,384,6974,99,7573,1690
2025,10,Beliș,756,20,203,3,936,202
2025,10,Bonțida,43992,1374,33601,458,19500,4159
2025,10,Borșa,8504,287,7399,103,3439,732
2025,10,Căianu,6716,203,4633,64,3154,658
2025,10,Călățele,6619,202,5905,78,2428,502
2025,10,Câmpia Turzii,322147,10496,184407,2501,110947,26280
2025,10,Căpușu Mare,1281,45,181,2,3785,899
2025,10,Cășeiu,30463,1078,19116,262,16750,3387
2025,10,Ceanu Mare,15619,490,6747,91,6034,1323
2025,10,Chinteni,22904,783,16134,237,10217,2529
2025,10,Chiuiești,19960,681,9630,136,6498,1399
2025,10,Ciucea,17014,520,8492,121,8288,1725
2025,10,Ciurila,9626,306,7962,114,4887,1369
2025,10,Cluj-Napoca,4371925,143222,2489523,35618,1879555,507480
2025,10,Cojocna,17220,588,12041,162,8237,1708
2025,10,Dej,423083,14620,254912,3597,185863,43378
2025,10,Feleacu,15682,579,3329,46,11124,3810
2025,10,Fizeșu Gherlii,6477,211,4853,64,2828,587
2025,10,Florești,707119,23355,441377,6260,343601,89875
2025,10,Frata,24506,769,13615,184,10783,2376
2025,10,Gârbău,7653,255,5209,72,5084,1114
2025,10,Geaca,15843,502,11848,169,6403,1462
2025,10,Gherla,279047,9392,183202,2615,120688,27822
2025,10,Gilău,59287,1974,40274,563,28858,6601
2025,10,Huedin,280536,8712,178685,2450,109577,23842
2025,10,Iara,33688,984,18983,265,17101,3616
2025,10,Iclod,24559,762,16111,228,11425,2541
2025,10,Jichișu de Jos,1413,51,687,10,980,216
2025,10,Jucu,44761,1312,25510,351,26064,7213
2025,10,Luna,23402,756,14847,193,8975,1995
2025,10,Mărișel,2143,65,869,12,1010,203
2025,10,Mica,11877,425,7995,114,5678,1293
2025,10,Mihai Viteazu,25039,773,11803,165,9233,2178
2025,10,Mintiu Gherlii,21851,728,8853,123,24623,6781
2025,10,Mociu,24433,780,14679,204,9742,2066
2025,10,Moldovenești,6522,193,3298,43,2648,546
2025,10,Negreni,12095,386,5656,80,8510,1785
2025,10,Panticeu,18451,575,12250,171,9179,1932
2025,10,Petreștii de Jos,502,12,249,3,897,158
2025,10,Ploscoș,7140,200,3962,55,2541,534
2025,10,Poieni,5843,170,1891,26,2434,520
2025,10,Săvădisla,7516,213,4709,66,3288,723
2025,10,Țaga,7425,255,5876,86,3465,796
2025,10,Tritenii de Jos,10516,365,7613,100,4037,919
2025,10,Turda,678668,21844,425331,5895,272348,66359
2025,10,Tureni,1080,43,25,0,1113,377
2025,10,Unguraș,10339,355,8428,118,4465,928
2025,10,Vad,4661,169,2970,43,2567,538
2025,10,Valea Ierii,567,14,62,1,557,142
2025,11,Aghireșu,25865,822,13663,192,6504,1481
2025,11,Aiton,336,13,11,0,1441,438
2025,11,Apahida,251198,8091,161367,2264,103847,23870
2025,11,Baciu,53840,1783,37159,540,22910,6386
2025,11,Băișoara,13230,390,5712,80,7372,1646
2025,11,Beliș,2620,87,819,11,1180,233
2025,11,Bonțida,35731,1081,25161,344,14510,3131
2025,11,Borșa,8403,281,7778,108,2884,600
2025,11,Căianu,3016,81,2000,29,2592,491
2025,11,Călățele,8952,297,6550,86,4018,869
2025,11,Câmpia Turzii,282966,9284,160516,2180,92967,21641
2025,11,Cășeiu,23442,825,14270,195,12832,2656
2025,11,Ceanu Mare,13774,437,6039,81,5445,1202
2025,11,Chinteni,20376,691,12406,179,9411,2389
2025,11,Chiuiești,16776,580,9422,133,5802,1319
2025,11,Ciucea,19221,539,7910,114,9923,2260
2025,11,Ciurila,7852,241,4937,70,4564,1347
2025,11,Cluj-Napoca,4256130,140339,2465014,35125,1719388,464254
2025,11,Cojocna,17450,588,9929,132,8844,1846
2025,11,Cornești,3445,102,109,1,1211,293
2025,11,Cuzdrioara,1240,46,523,7,462,101
2025,11,Dej,401307,14000,244548,3452,163316,37887
2025,11,Feleacu,9214,325,3882,52,9011,2618
2025,11,Fizeșu Gherlii,5831,195,5220,69,2321,498
2025,11,Florești,685232,22747,430865,6107,322804,84346
2025,11,Frata,18656,603,11137,153,9500,2136
2025,11,Gârbău,4763,155,2420,34,2486,576
2025,11,Geaca,14892,456,9765,139,5586,1290
2025,11,Gherla,263814,8960,174484,2492,104302,24316
2025,11,Gilău,50894,1693,37339,526,24814,5605
2025,11,Huedin,262563,8180,162023,2226,96049,21356
2025,11,Iara,28386,832,13932,198,11818,2510
2025,11,Iclod,20890,645,13633,193,8536,1874
2025,11,Jichișu de Jos,884,31,321,5,624,120
2025,11,Jucu,38716,1128,22049,301,15568,3841
2025,11,Luna,23053,723,14188,187,7515,1730
2025,11,Măguri-Răcătău,2782,71,828,11,1237,244
2025,11,Mărgău,61,2,51,1,872,180
2025,11,Mărișel,5333,153,2397,34,4077,882
2025,11,Mica,12950,454,8097,116,5266,1229
2025,11,Mihai Viteazu,35783,1109,19176,274,12244,2832
2025,11,Mintiu Gherlii,15129,503,6434,91,18118,5002
2025,11,Mociu,23802,771,15243,210,13031,2869
2025,11,Moldovenești,4136,122,1885,26,1279,268
2025,11,Negreni,12157,385,5936,85,8864,1768
2025,11,Panticeu,18540,554,12817,180,9457,2078
2025,11,Ploscoș,4482,126,2389,33,1688,355
2025,11,Poieni,4069,116,1885,27,1879,398
2025,11,Săndulești,863,22,714,9,772,157
2025,11,Săvădisla,3184,95,2621,35,1787,354
2025,11,Suatu,653,24,134,2,1467,265
2025,11,Țaga,7235,246,6181,90,2119,490
2025,11,Tritenii de Jos,8196,291,6238,81,2964,659
2025,11,Turda,630121,20495,394401,5437,251570,61657
2025,11,Tureni,130,3,105,1,150,32
2025,11,Unguraș,12336,422,10649,153,4957,1043
2025,11,Vad,3306,117,2076,30,1616,354
2025,11,Valea Ierii,559,13,369,5,785,162
2025,12,Aghireșu,28250,947,14296,199,8964,2018
2025,12,Apahida,250695,8151,160204,2252,101595,23230
2025,12,Baciu,49292,1648,33285,478,21561,5915
2025,12,Băișoara,10383,298,5050,71,4478,1024
2025,12,Beliș,5019,171,2690,39,3372,721
2025,12,Bonțida,38804,1206,28107,385,18826,4095
2025,12,Borșa,6892,219,7869,109,2634,615
2025,12,Căianu,2304,70,1789,24,1435,313
2025,12,Călățele,8954,271,6654,87,3725,784
2025,12,Câmpia Turzii,280485,9319,161480,2169,109098,25773
2025,12,Căpușu Mare,871,23,985,13,2087,487
2025,12,Cășeiu,27007,953,15996,217,13914,2940
2025,12,Ceanu Mare,11715,374,5838,80,4529,981
2025,12,Chinteni,23346,809,18156,263,11471,2763
2025,12,Chiuiești,17169,611,8086,112,5458,1201
2025,12,Ciucea,13378,422,6239,89,8619,1877
2025,12,Ciurila,11295,358,8342,120,3773,877
2025,12,Cluj-Napoca,4045461,135064,2373595,33791,1771292,483424
2025,12,Cojocna,17235,590,10987,148,9134,1946
2025,12,Cuzdrioara,1163,41,549,8,122,29
2025,12,Dej,397329,14189,246251,3482,172329,39918
2025,12,Feleacu,14742,549,3349,45,11720,4078
2025,12,Fizeșu Gherlii,5753,190,5271,72,3206,617
2025,12,Florești,677623,22867,438077,6202,342082,89827
2025,12,Frata,22684,713,11974,161,10241,2292
2025,12,Gârbău,5311,179,3456,49,2981,657
2025,12,Geaca,10986,364,7088,100,4115,1006
2025,12,Gherla,270568,9397,175304,2498,112581,26397
2025,12,Gilău,52685,1797,33404,467,22994,5206
2025,12,Huedin,244406,7659,156700,2155,102428,22101
2025,12,Iara,32796,968,17618,251,14272,3038
2025,12,Iclod,22841,711,13722,194,11059,2435
2025,12,Jichișu de Jos,1266,47,755,11,882,168
2025,12,Jucu,29260,871,18548,251,12104,2832
2025,12,Luna,20390,653,13997,187,7212,1662
2025,12,Mărgău,282,6,272,3,609,122
2025,12,Mărișel,4030,126,1850,27,2504,564
2025,12,Mica,11020,402,7026,99,5944,1452
2025,12,Mihai Viteazu,38249,1192,18365,260,13720,3238
2025,12,Mintiu Gherlii,16520,568,7417,105,17253,4613
2025,12,Mociu,21099,692,14708,203,9396,1972
2025,12,Moldovenești,6809,196,3735,50,2764,570
2025,12,Negreni,11912,387,5589,79,8319,1703
2025,12,Panticeu,17029,541,12538,178,7485,1626
2025,12,Petreștii de Jos,602,15,350,5,741,139
2025,12,Ploscoș,3789,106,1030,14,580,117
2025,12,Poieni,7788,225,859,12,2177,512
2025,12,Săvădisla,6616,190,3121,42,2659,563
2025,12,Sic,496,18,77,1,193,52
2025,12,Țaga,7136,252,5151,75,3764,834
2025,12,Tritenii de Jos,9776,336,6700,88,3237,741
2025,12,Turda,609177,20193,388549,5344,262988,64072
2025,12,Tureni,323,12,97,1,589,178
2025,12,Unguraș,9421,345,8300,120,4406,912
2025,12,Vad,3019,112,2486,35,2611,546
2026,1,Aghireșu,18333,632,11529,163,8076,1750
2026,1,Aiton,147,5,15,0,1353,459
2026,1,Apahida,224852,7616,147612,2068,117264,27236
2026,1,Baciu,51156,1801,36007,516,30379,8462
2026,1,Băișoara,12877,400,5902,83,9042,2243
2026,1,Beliș,3681,140,1743,25,2917,755
2026,1,Bonțida,29061,978,22687,305,17257,3867
2026,1,Borșa,5353,170,4865,68,2556,544
2026,1,Căianu,2238,66,1023,14,2344,550
2026,1,Călățele,7089,231,6459,84,4825,1023
2026,1,Câmpia Turzii,251850,8662,143336,1944,107662,26067
2026,1,Căpușu Mare,148,6,300,4,1255,314
2026,1,Cășeiu,23583,887,14845,201,15987,3430
2026,1,Ceanu Mare,9525,324,3972,54,4887,1071
2026,1,Chinteni,19353,693,12478,177,9797,2428
2026,1,Chiuiești,15469,550,8611,121,7570,1652
2026,1,Ciucea,14254,443,5502,80,8811,2032
2026,1,Ciurila,6669,224,5610,80,3017,818
2026,1,Cluj-Napoca,3673775,126753,2197971,31189,1760938,488817
2026,1,Cojocna,16320,584,9492,125,7254,1601
2026,1,Cornești,3304,92,847,12,832,181
2026,1,Dej,380936,14001,225350,3182,196958,46365
2026,1,Feleacu,14401,528,5288,75,9082,2923
2026,1,Fizeșu Gherlii,4556,166,4522,61,2690,568
2026,1,Florești,599972,20865,379543,5378,319569,84503
2026,1,Frata,18005,609,11239,150,12844,2939
2026,1,Gârbău,5550,198,3990,56,3109,731
2026,1,Geaca,10024,331,5754,80,6254,1444
2026,1,Gherla,242029,8651,166025,2373,125155,29693
2026,1,Gilău,40154,1421,29948,423,23676,5372
2026,1,Huedin,227375,7385,143362,1969,115778,25499
2026,1,Iara,24633,784,12976,182,16121,3707
2026,1,Iclod,6909,224,5489,78,4355,1025
2026,1,Jichișu de Jos,951,36,540,8,1115,259
2026,1,Jucu,38139,1133,20856,284,13796,3221
2026,1,Luna,17543,579,11040,144,8204,1872
2026,1,Măguri-Răcătău,1447,46,401,6,1173,283
2026,1,Mărișel,4419,137,3052,43,4356,1002
2026,1,Mica,8476,326,5800,83,4915,1157
2026,1,Mihai Viteazu,30830,1010,19487,278,13124,3245
2026,1,Mintiu Gherlii,14167,493,5040,72,16901,4708
2026,1,Mociu,19688,662,13109,179,10974,2450
2026,1,Moldovenești,5305,176,2847,37,1852,456
2026,1,Negreni,13435,454,4993,68,9395,2072
2026,1,Panticeu,14485,473,11367,161,7976,1694
2026,1,Ploscoș,8068,235,4302,58,2991,698
2026,1,Poieni,3200,94,1124,16,685,171
2026,1,Săvădisla,2243,71,1581,22,1046,228
2026,1,Suatu,572,22,162,2,1659,349
2026,1,Țaga,8666,290,5730,82,4275,1019
2026,1,Tritenii de Jos,6351,225,5867,75,3623,816
2026,1,Turda,570252,19468,390507,5374,279972,68915
2026,1,Tureni,1076,27,285,4,827,186
2026,1,Unguraș,11097,395,8352,119,5383,1199
2026,1,Vad,3890,142,3608,50,2509,534
2026,1,Valea Ierii,1115,30,476,7,225,52
2026,2,Aghireșu,29841,966,13283,185,6831,1550
2026,2,Aiton,274,13,7,0,692,246
2026,2,Apahida,231252,7730,150822,2103.44,98299,22773
2026,2,Baciu,54398,1935,37118,529,23341,6494
2026,2,Băișoara,12788,461,5632,79,8602,2195
2026,2,Beliș,3802,134,1770,25,2363,545
2026,2,Bonțida,35168,1132,25503,348,17306,3847
2026,2,Borșa,9249,294,7819,109,4468,946
2026,2,Căianu,2522,78,1633,23,2015,681
2026,2,Călățele,8737,275,6515,85,3404,739
2026,2,Câmpia Turzii,277456,9219,154471,2077,98133,23897
2026,2,Căpușu Mare,117,3,194,2,1007,262
2026,2,Cășeiu,23696,919,11358,154,11139,2492
2026,2,Ceanu Mare,11377,372,4731,63,3686,827
2026,2,Chinteni,19042,689,11780,168,8398,2106
2026,2,Chiuiești,16095,588,7876,111,6270,1426
2026,2,Ciucea,11978,377,4504,65,6968,1472
2026,2,Ciurila,8822,354,6147,87,5446,1627
2026,2,Cluj-Napoca,3732046,127287,2171569,30637,1563332,434437
2026,2,Cojocna,15121,522,9075,121,5116,1129
2026,2,Cornești,2554,81,1301,18,995,217
2026,2,Cuzdrioara,870,38,505,7,228,59
2026,2,Dej,382000,13839,221690,3114,161210,38257
2026,2,Feleacu,15756,553,6253,89,7393,2014
2026,2,Fizeșu Gherlii,6256,212,4239,57,3039,638
2026,2,Florești,613309,21034,378995,5350,289139,75550
2026,2,Frata,22616,767,12017,165,9900,2272
2026,2,Gârbău,5835,213,4059,58,2010,470
2026,2,Geaca,12053,415,8315,117,5996,1428
2026,2,Gherla,268966,9490,170523,2422,108364,25748
2026,2,Gilău,48739,1709,32697,455,24553,5518
2026,2,Huedin,219725,7047,126395,1734,86837,19479
2026,2,Iara,32804,1151,18121,254,16885,3907
2026,2,Iclod,15039,484,11241,158,6467,1523
2026,2,Jichișu de Jos,896,37,511,7,626,131
2026,2,Jucu,37899,1149,20318,272,12048,2804
2026,2,Luna,23355,758,12004,158,8047,1862
2026,2,Măguri-Răcătău,782,29,181,3,753,162
2026,2,Mărgău,215,6,172,2,1018,218
2026,2,Mărișel,5623,167,2236,32,3883,864
2026,2,Mica,9697,363,5951,83,4605,1101
2026,2,Mihai Viteazu,39876,1410,21890,310,13041,3166
2026,2,Mintiu Gherlii,17640,634,7138,101,20465,5592
2026,2,Mociu,20580,702,13273,182,10714,2425
2026,2,Moldovenești,5895,212,2324,31,2093,481
2026,2,Negreni,10548,370,5750,81,7151,1536
2026,2,Panticeu,15935,513,11015,155,8751,1938
2026,2,Ploscoș,2790,102,1136,16,504,118
2026,2,Poieni,3683,136,1404,20,2384,566
2026,2,Rișca,1335,44,45,1,1739,423
2026,2,Săndulești,612,20,527,6,617,143
2026,2,Săvădisla,7219,263,3865,53,3092,755
2026,2,Suatu,491,22,98,1,1218,269
2026,2,Țaga,7921,273,4922,71,3026,702
2026,2,Tritenii de Jos,9729,357,7194,92,4441,973
2026,2,Turda,574430,19302,362061,4971,230946,57017
2026,2,Unguraș,7890,284,6918,98,3948,830
2026,2,Vad,3676,131,1976,28,2143,453
2026,3,Aghireșu,32428,1051,16165,224,8565,1851
2026,3,Aiton,311,15,8,0,753,246
2026,3,Apahida,265984,8833,171605,2391,113938,26125
2026,3,Așchileu,1821,62,788,11,247,56
2026,3,Baciu,66412,2332,47307,671,28223,7788
2026,3,Băișoara,16266,580,6887,96,8332,2007
2026,3,Beliș,5023,174,2134,30,3308,776
2026,3,Bonțida,42509,1351,31731,430,19745,4312
2026,3,Borșa,8761,283,7901,112,3279,722
2026,3,Căianu,3390,117,1548,22,1987,455
2026,3,Călățele,8811,279,6525,85,3396,737
2026,3,Câmpia Turzii,312410,10377,184320,2485,103560,25071
2026,3,Căpușu Mare,2398,65,1292,18,2362,579
2026,3,Cășeiu,27384,1022,15157,204,14402,3058
2026,3,Ceanu Mare,13940,446,5589,74,5786,1260
2026,3,Chinteni,23632,811,14173,202,9866,2494
2026,3,Chiuiești,18550,668,8703,121,6481,1449
2026,3,Ciucea,14175,448,6255,87,7493,1780
2026,3,Ciurila,8715,342,7311,105,3590,930
2026,3,Cluj-Napoca,4478502,150486,2645330,37168,1835820,503359
2026,3,Cojocna,19112,646,13317,177,7029,1489
2026,3,Cornești,3259,96,1367,19,1746,395
2026,3,Cuzdrioara,1551,70,828,11,337,81
2026,3,Dej,446798,16037,268565,3771,180917,41761
2026,3,Feleacu,18855,642,8502,118,10320,2898
2026,3,Fizeșu Gherlii,7276,247,5798,79,3009,615
2026,3,Florești,736645,24968,452163,6349,332482,84078
2026,3,Frata,26738,922,14071,190,13806,3158
2026,3,Gârbău,5202,175,4011,55,2451,596
2026,3,Geaca,16322,538,11950,167,7350,1661
2026,3,Gherla,299336,10466,188754,2669,117335,27615
2026,3,Gilău,62142,2090,41231,574,30756,6911
2026,3,Huedin,263874,8412,154794,2113,95688,21347
2026,3,Iara,32278,1097,20822,291,16693,3773
2026,3,Iclod,22689,720,14483,204,10697,2431
2026,3,Jichișu de Jos,1391,58,938,13,1023,227
2026,3,Jucu,45206,1327,24536,328,15429,3763
2026,3,Luna,24127,798,17153,227,8954,2121
2026,3,Măguri-Răcătău,357,11,126,2,1079,224
2026,3,Mărișel,3496,113,2270,31,3184,687
2026,3,Mica,12503,457,7914,111,6075,1470
2026,3,Mihai Viteazu,47645,1598,24359,342,15478,3691
2026,3,Mintiu Gherlii,19727,694,9431,131,22171,6043
2026,3,Mociu,25371,817,15646,212,10451,2289
2026,3,Moldovenești,5359,196,2598,34,2920,612
2026,3,Negreni,11133,377,5060,71,5731,1231
2026,3,Panticeu,18933,595,14017,194,8617,1794
2026,3,Petreștii de Jos,702,21,282,4,712,166
2026,3,Ploscoș,8422,272,3722,51,3126,710
2026,3,Poieni,5038,181,868,12,1349,353
2026,3,Săvădisla,8236,292,4961,68,3650,797
2026,3,Suatu,423,19,115,2,1135,252
2026,3,Țaga,8746,302,6543,95,4079,1000
2026,3,Tritenii de Jos,10262,362,6593,85,3338,720
2026,3,Turda,674517,22189,425727,5824,268069,64883
2026,3,Unguraș,11760,413,8560,119,4213,985
2026,3,Vad,3567,134,2470,34,2248,456
2026,4,Aghireșu,34999,1140,19237,266,10218,2206
2026,4,Aiton,199,8,0,0,606,189
2026,4,Apahida,264189,8626,176949,2469,116827,26045
2026,4,Așchileu,3373,107,3515,50,1892,403
2026,4,Baciu,68899,2307,48510,687,30283,8003
2026,4,Băișoara,13581,404,6778,95,8241,1912
2026,4,Beliș,3217,114,1663,23,2766,575
2026,4,Bonțida,44597,1439,35575,479,21126,4536
2026,4,Borșa,8866,282,7542,107,5041,1053
2026,4,Căianu,1502,52,1179,16,2597,617
2026,4,Călățele,9366,320,7180,95,4989,1058
2026,4,Câmpia Turzii,314982,10401,185576,2508,124298,28907
2026,4,Căpușu Mare,1374,47,230,3,3543,1049
2026,4,Cășeiu,27215,990,17180,234,14876,3188
2026,4,Ceanu Mare,14244,464,6786,90,6962,1423
2026,4,Chinteni,23182,820,16137,233,11477,2823
2026,4,Chiuiești,17912,647,9040,126,6133,1361
2026,4,Ciucea,19037,563,7950,114,10179,2066
2026,4,Ciurila,11758,371,8593,119,7353,1985
2026,4,Cluj-Napoca,4340731,144922,2705459,37983,1838406,495485
2026,4,Cojocna,20555,712,14834,196,9782,2069
2026,4,Cornești,3013,88,1535,21,1387,309
2026,4,Cuzdrioara,779,24,263,3,104,26
2026,4,Dej,454780,16187,281154,3944,198360,45485
2026,4,Feleacu,23207,774,10977,155,16783,4844
2026,4,Fizeșu Gherlii,6436,217,5990,81,3247,651
2026,4,Florești,719758,24413,460369,6465,354707,91372
2026,4,Frata,23731,782,13156,175,10985,2418
2026,4,Gârbău,6861,227,4526,63,2519,570
2026,4,Geaca,15002,487,10605,149,7557,1832
2026,4,Gherla,304860,10551,203567,2890,129296,30005
2026,4,Gilău,65973,2254,42281,589,31180,7008
2026,4,Huedin,258064,8245,157541,2162,100983,21947
2026,4,Iara,30870,958,17928,252,18536,4119
2026,4,Iclod,21640,711,13743,192,9556,2080
2026,4,Jichișu de Jos,801,29,609,9,1295,272
2026,4,Jucu,48337,1427,25937,349,20330,4910
2026,4,Luna,26956,850,17134,225,10920,2418
2026,4,Măguri-Răcătău,1690,49,559,8,643,161
2026,4,Mărgău,294,7,328,4,394,81
2026,4,Mărișel,4099,133,2642,37,2277,488
2026,4,Mica,13348,488,7768,108,5692,1362
2026,4,Mihai Viteazu,35197,1123,17715,249,14033,3189
2026,4,Mintiu Gherlii,19442,656,10234,143,20724,5519
2026,4,Mociu,24889,827,15826,216,11154,2512
2026,4,Moldovenești,6614,202,3007,40,2643,593
2026,4,Negreni,12768,415,5418,74,7637,1698
2026,4,Panticeu,21771,678,13443,186,13008,2589
2026,4,Petreștii de Jos,1480,46,714,9,369,112
2026,4,Ploscoș,7232,209,4062,56,2993,678
2026,4,Poieni,3073,99,1514,21,561,144
2026,4,Săvădisla,4350,143,3153,43,2545,584
2026,4,Suatu,663,25,153,2,1666,374
2026,4,Țaga,9446,319,7218,105,3915,909
2026,4,Tritenii de Jos,14520,510,10167,133,4512,982
2026,4,Turda,658599,21654,435584,5953,280231,66999
2026,4,Tureni,1323,33,360,5,780,179
2026,4,Unguraș,10643,392,8790,124,4593,929
2026,4,Vad,5037,184,2571,36,1673,365
2026,4,Valea Ierii,1094,27,268,4,532,122
2026,4,Viișoara,742,28,528,7,634,129
2026,5,Aghireșu,37535,1212,22864,318,12194,2545
2026,5,Aiton,489,19,16,0,1296,444
2026,5,Apahida,305893,9993,212353,2966,145336,32364
2026,5,Așchileu,3957,118,2427,34,2150,462
2026,5,Baciu,70210,2345,53275,758,35908,9598
2026,5,Băișoara,12578,385,6660,93,8523,2007
2026,5,Beliș,6881,236,4708,67,6171,1430
2026,5,Bonțida,48354,1510,39188,532,26040,5550
2026,5,Borșa,10278,325,8350,118,5358,1159
2026,5,Căianu,3061,85,2519,35,3174,743
2026,5,Călățele,11041,342,7053,93,3418,699
2026,5,Câmpia Turzii,341456,11302,211158,2841,130625,30725
2026,5,Căpușu Mare,436,14,605,8,1847,475
2026,5,Cășeiu,25541,929,14074,193,13456,2766
2026,5,Ceanu Mare,16417,512,7833,106,7054,1452
2026,5,Chinteni,23765,828,17858,256,11779,2813
2026,5,Chiuiești,18085,628,9114,126,7792,1702
2026,5,Ciucea,16473,515,7506,107,10089,2189
2026,5,Ciurila,14447,475,10363,145,7812,2160
2026,5,Cluj-Napoca,4922710,161820,3192268,44814,2143256,568488
2026,5,Cojocna,21226,710,17213,228,11151,2297
2026,5,Cornești,3271,91,1426,20,1746,393
2026,5,Cuzdrioara,1261,48,509,7,448,97
2026,5,Dej,492180,17335,317169,4447,245234,56234
2026,5,Feleacu,31301,1137,11116,156,22268,7161
2026,5,Fizeșu Gherlii,7716,252,6536,89,5213,1040
2026,5,Florești,774822,25645,509521,7160,393850,98272
2026,5,Frata,30322,957,18109,246,13830,3002
2026,5,Gârbău,5763,194,4190,58,3483,744
2026,5,Geaca,17323,557,13959,197,8996,1960
2026,5,Gherla,332561,11390,227396,3230,152529,34584
2026,5,Gilău,66277,2237,47466,659,36576,8175
2026,5,Huedin,279937,8838,179564,2462,118183,25520
2026,5,Iara,37058,1126,22681,321,18564,4106
2026,5,Iclod,22277,689,15701,222,9744,2143
2026,5,Jichișu de Jos,1721,62,742,11,1386,291
2026,5,Jucu,50407,1486,30160,407,24494,6579
2026,5,Luna,29249,935,21225,279,12518,2735
2026,5,Mărgău,278,7,211,3,752,160
2026,5,Mărișel,7061,220,2438,34,5014,1083
2026,5,Mica,13761,499,8318,118,7193,1715
2026,5,Mihai Viteazu,39568,1273,28006,396,16366,3757
2026,5,Mintiu Gherlii,25594,849,11498,162,28640,7573
2026,5,Mociu,22521,730,14396,199,9304,1896
2026,5,Moldovenești,7391,234,3133,43,2953,682
2026,5,Negreni,15049,506,9188,131,11215,2284
2026,5,Panticeu,18758,584,15062,208,11491,2302
2026,5,Petreștii de Jos,3903,106,1789,25,2790,630
2026,5,Ploscoș,5336,153,3400,47,2406,568
2026,5,Poieni,1783,55,881,12,318,71
2026,5,Săndulești,1019,26,864,11,760,183
2026,5,Săvădisla,6904,211,3746,50,4466,1014
2026,5,Suatu,175,7,55,1,705,170
2026,5,Țaga,12093,405,7932,114,5495,1226
2026,5,Tritenii de Jos,14608,490,9649,123,5149,1124
2026,5,Turda,707099,22971,478530,6552,299539,70717
2026,5,Tureni,1134,44,301,4,879,298
2026,5,Unguraș,14728,487,9972,143,6343,1347
2026,5,Vad,5168,186,3462,49,2104,427
2026,5,Valea Ierii,1026,24,218,3,617,132
2026,5,Viișoara,511,19,298,4,753,151